web-scraper-order,web-scraper-start-url,term
"1655864425-197","https://sor.epa.gov/sor_internet/registry/termreg/searchandretrieve/glossariesandkeywordlists/search.do?details=&glossaryName=Glossary%20Climate%20Change%20Terms#formTop","Troposphere"
"1655864425-180","https://sor.epa.gov/sor_internet/registry/termreg/searchandretrieve/glossariesandkeywordlists/search.do?details=&glossaryName=Glossary%20Climate%20Change%20Terms#formTop","Sensitivity"
"1655864425-132","https://sor.epa.gov/sor_internet/registry/termreg/searchandretrieve/glossariesandkeywordlists/search.do?details=&glossaryName=Glossary%20Climate%20Change%20Terms#formTop","Infrared Radiation"
"1655864425-100","https://sor.epa.gov/sor_internet/registry/termreg/searchandretrieve/glossariesandkeywordlists/search.do?details=&glossaryName=Glossary%20Climate%20Change%20Terms#formTop","Energy Efficiency"
"1655864425-78","https://sor.epa.gov/sor_internet/registry/termreg/searchandretrieve/glossariesandkeywordlists/search.do?details=&glossaryName=Glossary%20Climate%20Change%20Terms#formTop","Climate Change"
"1655864425-192","https://sor.epa.gov/sor_internet/registry/termreg/searchandretrieve/glossariesandkeywordlists/search.do?details=&glossaryName=Glossary%20Climate%20Change%20Terms#formTop","Sulfur Hexafluoride"
"1655864425-160","https://sor.epa.gov/sor_internet/registry/termreg/searchandretrieve/glossariesandkeywordlists/search.do?details=&glossaryName=Glossary%20Climate%20Change%20Terms#formTop","Parts Per Trillion"
"1655864425-61","https://sor.epa.gov/sor_internet/registry/termreg/searchandretrieve/glossariesandkeywordlists/search.do?details=&glossaryName=Glossary%20Climate%20Change%20Terms#formTop","Atmosphere"
"1655864425-81","https://sor.epa.gov/sor_internet/registry/termreg/searchandretrieve/glossariesandkeywordlists/search.do?details=&glossaryName=Glossary%20Climate%20Change%20Terms#formTop","Climate Model"
"1655864425-200","https://sor.epa.gov/sor_internet/registry/termreg/searchandretrieve/glossariesandkeywordlists/search.do?details=&glossaryName=Glossary%20Climate%20Change%20Terms#formTop","Tundra"
"1655864425-176","https://sor.epa.gov/sor_internet/registry/termreg/searchandretrieve/glossariesandkeywordlists/search.do?details=&glossaryName=Glossary%20Climate%20Change%20Terms#formTop","Respiration"
"1655864425-64","https://sor.epa.gov/sor_internet/registry/termreg/searchandretrieve/glossariesandkeywordlists/search.do?details=&glossaryName=Glossary%20Climate%20Change%20Terms#formTop","Biogeochemical Cycle"
"1655864425-203","https://sor.epa.gov/sor_internet/registry/termreg/searchandretrieve/glossariesandkeywordlists/search.do?details=&glossaryName=Glossary%20Climate%20Change%20Terms#formTop","Vulnerability"
"1655864425-119","https://sor.epa.gov/sor_internet/registry/termreg/searchandretrieve/glossariesandkeywordlists/search.do?details=&glossaryName=Glossary%20Climate%20Change%20Terms#formTop","Greenhouse Gas"
"1655864425-89","https://sor.epa.gov/sor_internet/registry/termreg/searchandretrieve/glossariesandkeywordlists/search.do?details=&glossaryName=Glossary%20Climate%20Change%20Terms#formTop","Coral Bleaching"
"1655864425-103","https://sor.epa.gov/sor_internet/registry/termreg/searchandretrieve/glossariesandkeywordlists/search.do?details=&glossaryName=Glossary%20Climate%20Change%20Terms#formTop","Enteric Fermentation"
"1655864425-133","https://sor.epa.gov/sor_internet/registry/termreg/searchandretrieve/glossariesandkeywordlists/search.do?details=&glossaryName=Glossary%20Climate%20Change%20Terms#formTop","Intergovernmental Panel on Climate Change"
"1655864425-82","https://sor.epa.gov/sor_internet/registry/termreg/searchandretrieve/glossariesandkeywordlists/search.do?details=&glossaryName=Glossary%20Climate%20Change%20Terms#formTop","Climate Sensitivity"
"1655864425-189","https://sor.epa.gov/sor_internet/registry/termreg/searchandretrieve/glossariesandkeywordlists/search.do?details=&glossaryName=Glossary%20Climate%20Change%20Terms#formTop","Streamflow"
"1655864425-53","https://sor.epa.gov/sor_internet/registry/termreg/searchandretrieve/glossariesandkeywordlists/search.do?details=&glossaryName=Glossary%20Climate%20Change%20Terms#formTop","Adaptation"
"1655864425-153","https://sor.epa.gov/sor_internet/registry/termreg/searchandretrieve/glossariesandkeywordlists/search.do?details=&glossaryName=Glossary%20Climate%20Change%20Terms#formTop","Ozone"
"1655864425-172","https://sor.epa.gov/sor_internet/registry/termreg/searchandretrieve/glossariesandkeywordlists/search.do?details=&glossaryName=Glossary%20Climate%20Change%20Terms#formTop","Relative Sea Level Rise"
"1655864425-99","https://sor.epa.gov/sor_internet/registry/termreg/searchandretrieve/glossariesandkeywordlists/search.do?details=&glossaryName=Glossary%20Climate%20Change%20Terms#formTop","Emissions Factor"
"1655864425-75","https://sor.epa.gov/sor_internet/registry/termreg/searchandretrieve/glossariesandkeywordlists/search.do?details=&glossaryName=Glossary%20Climate%20Change%20Terms#formTop","Carbon Sequestration"
"1655864425-63","https://sor.epa.gov/sor_internet/registry/termreg/searchandretrieve/glossariesandkeywordlists/search.do?details=&glossaryName=Glossary%20Climate%20Change%20Terms#formTop","Biofuels"
"1655864425-51","https://sor.epa.gov/sor_internet/registry/termreg/searchandretrieve/glossariesandkeywordlists/search.do?details=&glossaryName=Glossary%20Climate%20Change%20Terms#formTop","100-Year Flood Levels"
"1655864425-183","https://sor.epa.gov/sor_internet/registry/termreg/searchandretrieve/glossariesandkeywordlists/search.do?details=&glossaryName=Glossary%20Climate%20Change%20Terms#formTop","Snowpack"
"1655864425-174","https://sor.epa.gov/sor_internet/registry/termreg/searchandretrieve/glossariesandkeywordlists/search.do?details=&glossaryName=Glossary%20Climate%20Change%20Terms#formTop","Residence Time"
"1655864425-145","https://sor.epa.gov/sor_internet/registry/termreg/searchandretrieve/glossariesandkeywordlists/search.do?details=&glossaryName=Glossary%20Climate%20Change%20Terms#formTop","Natural Gas"
"1655864425-196","https://sor.epa.gov/sor_internet/registry/termreg/searchandretrieve/glossariesandkeywordlists/search.do?details=&glossaryName=Glossary%20Climate%20Change%20Terms#formTop","Trace Gas"
"1655864425-201","https://sor.epa.gov/sor_internet/registry/termreg/searchandretrieve/glossariesandkeywordlists/search.do?details=&glossaryName=Glossary%20Climate%20Change%20Terms#formTop","Ultraviolet Radiation"
"1655864425-141","https://sor.epa.gov/sor_internet/registry/termreg/searchandretrieve/glossariesandkeywordlists/search.do?details=&glossaryName=Glossary%20Climate%20Change%20Terms#formTop","Metric Ton"
"1655864425-68","https://sor.epa.gov/sor_internet/registry/termreg/searchandretrieve/glossariesandkeywordlists/search.do?details=&glossaryName=Glossary%20Climate%20Change%20Terms#formTop","Borehole"
"1655864425-110","https://sor.epa.gov/sor_internet/registry/termreg/searchandretrieve/glossariesandkeywordlists/search.do?details=&glossaryName=Glossary%20Climate%20Change%20Terms#formTop","Fossil Fuel"
"1655864425-187","https://sor.epa.gov/sor_internet/registry/termreg/searchandretrieve/glossariesandkeywordlists/search.do?details=&glossaryName=Glossary%20Climate%20Change%20Terms#formTop","Stratosphere"
"1655864425-150","https://sor.epa.gov/sor_internet/registry/termreg/searchandretrieve/glossariesandkeywordlists/search.do?details=&glossaryName=Glossary%20Climate%20Change%20Terms#formTop","Non-Methane Volatile Organic Compounds"
"1655864425-185","https://sor.epa.gov/sor_internet/registry/termreg/searchandretrieve/glossariesandkeywordlists/search.do?details=&glossaryName=Glossary%20Climate%20Change%20Terms#formTop","Solar Radiation"
"1655864425-87","https://sor.epa.gov/sor_internet/registry/termreg/searchandretrieve/glossariesandkeywordlists/search.do?details=&glossaryName=Glossary%20Climate%20Change%20Terms#formTop","Concentration"
"1655864425-76","https://sor.epa.gov/sor_internet/registry/termreg/searchandretrieve/glossariesandkeywordlists/search.do?details=&glossaryName=Glossary%20Climate%20Change%20Terms#formTop","Chlorofluorocarbons"
"1655864425-169","https://sor.epa.gov/sor_internet/registry/termreg/searchandretrieve/glossariesandkeywordlists/search.do?details=&glossaryName=Glossary%20Climate%20Change%20Terms#formTop","Recycling"
"1655864425-128","https://sor.epa.gov/sor_internet/registry/termreg/searchandretrieve/glossariesandkeywordlists/search.do?details=&glossaryName=Glossary%20Climate%20Change%20Terms#formTop","Hydrosphere"
"1655864425-179","https://sor.epa.gov/sor_internet/registry/termreg/searchandretrieve/glossariesandkeywordlists/search.do?details=&glossaryName=Glossary%20Climate%20Change%20Terms#formTop","Sea Surface Temperature"
"1655864425-106","https://sor.epa.gov/sor_internet/registry/termreg/searchandretrieve/glossariesandkeywordlists/search.do?details=&glossaryName=Glossary%20Climate%20Change%20Terms#formTop","Feedback Mechanisms"
"1655864425-199","https://sor.epa.gov/sor_internet/registry/termreg/searchandretrieve/glossariesandkeywordlists/search.do?details=&glossaryName=Glossary%20Climate%20Change%20Terms#formTop","Tropospheric Ozone Precursors"
"1655864425-108","https://sor.epa.gov/sor_internet/registry/termreg/searchandretrieve/glossariesandkeywordlists/search.do?details=&glossaryName=Glossary%20Climate%20Change%20Terms#formTop","Fluorocarbons"
"1655864425-92","https://sor.epa.gov/sor_internet/registry/termreg/searchandretrieve/glossariesandkeywordlists/search.do?details=&glossaryName=Glossary%20Climate%20Change%20Terms#formTop","Desertification"
"1655864425-177","https://sor.epa.gov/sor_internet/registry/termreg/searchandretrieve/glossariesandkeywordlists/search.do?details=&glossaryName=Glossary%20Climate%20Change%20Terms#formTop","Salt Water Intrusion"
"1655864425-98","https://sor.epa.gov/sor_internet/registry/termreg/searchandretrieve/glossariesandkeywordlists/search.do?details=&glossaryName=Glossary%20Climate%20Change%20Terms#formTop","Emissions"
"1655864425-62","https://sor.epa.gov/sor_internet/registry/termreg/searchandretrieve/glossariesandkeywordlists/search.do?details=&glossaryName=Glossary%20Climate%20Change%20Terms#formTop","Atmospheric Lifetime"
"1655864425-84","https://sor.epa.gov/sor_internet/registry/termreg/searchandretrieve/glossariesandkeywordlists/search.do?details=&glossaryName=Glossary%20Climate%20Change%20Terms#formTop","Co-Benefit"
"1655864425-155","https://sor.epa.gov/sor_internet/registry/termreg/searchandretrieve/glossariesandkeywordlists/search.do?details=&glossaryName=Glossary%20Climate%20Change%20Terms#formTop","Ozone Layer"
"1655864425-204","https://sor.epa.gov/sor_internet/registry/termreg/searchandretrieve/glossariesandkeywordlists/search.do?details=&glossaryName=Glossary%20Climate%20Change%20Terms#formTop","Wastewater"
"1655864425-58","https://sor.epa.gov/sor_internet/registry/termreg/searchandretrieve/glossariesandkeywordlists/search.do?details=&glossaryName=Glossary%20Climate%20Change%20Terms#formTop","Alternative Energy"
"1655864425-125","https://sor.epa.gov/sor_internet/registry/termreg/searchandretrieve/glossariesandkeywordlists/search.do?details=&glossaryName=Glossary%20Climate%20Change%20Terms#formTop","Hydrochlorofluorocarbons"
"1655864425-182","https://sor.epa.gov/sor_internet/registry/termreg/searchandretrieve/glossariesandkeywordlists/search.do?details=&glossaryName=Glossary%20Climate%20Change%20Terms#formTop","Sink"
"1655864425-107","https://sor.epa.gov/sor_internet/registry/termreg/searchandretrieve/glossariesandkeywordlists/search.do?details=&glossaryName=Glossary%20Climate%20Change%20Terms#formTop","Fluorinated Gases"
"1655864425-70","https://sor.epa.gov/sor_internet/registry/termreg/searchandretrieve/glossariesandkeywordlists/search.do?details=&glossaryName=Glossary%20Climate%20Change%20Terms#formTop","Carbon Cycle"
"1655864425-97","https://sor.epa.gov/sor_internet/registry/termreg/searchandretrieve/glossariesandkeywordlists/search.do?details=&glossaryName=Glossary%20Climate%20Change%20Terms#formTop","El Niño - Southern Oscillation"
"1655864425-206","https://sor.epa.gov/sor_internet/registry/termreg/searchandretrieve/glossariesandkeywordlists/search.do?details=&glossaryName=Glossary%20Climate%20Change%20Terms#formTop","Weather"
"1655864425-131","https://sor.epa.gov/sor_internet/registry/termreg/searchandretrieve/glossariesandkeywordlists/search.do?details=&glossaryName=Glossary%20Climate%20Change%20Terms#formTop","Industrial Revolution"
"1655864425-193","https://sor.epa.gov/sor_internet/registry/termreg/searchandretrieve/glossariesandkeywordlists/search.do?details=&glossaryName=Glossary%20Climate%20Change%20Terms#formTop","Teragram"
"1655864425-126","https://sor.epa.gov/sor_internet/registry/termreg/searchandretrieve/glossariesandkeywordlists/search.do?details=&glossaryName=Glossary%20Climate%20Change%20Terms#formTop","Hydrofluorocarbons"
"1655864425-83","https://sor.epa.gov/sor_internet/registry/termreg/searchandretrieve/glossariesandkeywordlists/search.do?details=&glossaryName=Glossary%20Climate%20Change%20Terms#formTop","Climate System"
"1655864425-71","https://sor.epa.gov/sor_internet/registry/termreg/searchandretrieve/glossariesandkeywordlists/search.do?details=&glossaryName=Glossary%20Climate%20Change%20Terms#formTop","Carbon Dioxide"
"1655864425-188","https://sor.epa.gov/sor_internet/registry/termreg/searchandretrieve/glossariesandkeywordlists/search.do?details=&glossaryName=Glossary%20Climate%20Change%20Terms#formTop","Stratospheric Ozone"
"1655864425-144","https://sor.epa.gov/sor_internet/registry/termreg/searchandretrieve/glossariesandkeywordlists/search.do?details=&glossaryName=Glossary%20Climate%20Change%20Terms#formTop","Municipal Solid Waste"
"1655864425-156","https://sor.epa.gov/sor_internet/registry/termreg/searchandretrieve/glossariesandkeywordlists/search.do?details=&glossaryName=Glossary%20Climate%20Change%20Terms#formTop","Ozone Precursors"
"1655864425-168","https://sor.epa.gov/sor_internet/registry/termreg/searchandretrieve/glossariesandkeywordlists/search.do?details=&glossaryName=Glossary%20Climate%20Change%20Terms#formTop","Radiative Forcing"
"1655864425-136","https://sor.epa.gov/sor_internet/registry/termreg/searchandretrieve/glossariesandkeywordlists/search.do?details=&glossaryName=Glossary%20Climate%20Change%20Terms#formTop","Latitude"
"1655864425-93","https://sor.epa.gov/sor_internet/registry/termreg/searchandretrieve/glossariesandkeywordlists/search.do?details=&glossaryName=Glossary%20Climate%20Change%20Terms#formTop","Dryland Farming"
"1655864425-138","https://sor.epa.gov/sor_internet/registry/termreg/searchandretrieve/glossariesandkeywordlists/search.do?details=&glossaryName=Glossary%20Climate%20Change%20Terms#formTop","Longwave Radiation"
"1655864425-94","https://sor.epa.gov/sor_internet/registry/termreg/searchandretrieve/glossariesandkeywordlists/search.do?details=&glossaryName=Glossary%20Climate%20Change%20Terms#formTop","Earth System"
"1655864425-73","https://sor.epa.gov/sor_internet/registry/termreg/searchandretrieve/glossariesandkeywordlists/search.do?details=&glossaryName=Glossary%20Climate%20Change%20Terms#formTop","Carbon Dioxide Fertilization"
"1655864425-173","https://sor.epa.gov/sor_internet/registry/termreg/searchandretrieve/glossariesandkeywordlists/search.do?details=&glossaryName=Glossary%20Climate%20Change%20Terms#formTop","Renewable Energy"
"1655864425-135","https://sor.epa.gov/sor_internet/registry/termreg/searchandretrieve/glossariesandkeywordlists/search.do?details=&glossaryName=Glossary%20Climate%20Change%20Terms#formTop","Landfill"
"1655864425-114","https://sor.epa.gov/sor_internet/registry/termreg/searchandretrieve/glossariesandkeywordlists/search.do?details=&glossaryName=Glossary%20Climate%20Change%20Terms#formTop","Glacier"
"1655864425-77","https://sor.epa.gov/sor_internet/registry/termreg/searchandretrieve/glossariesandkeywordlists/search.do?details=&glossaryName=Glossary%20Climate%20Change%20Terms#formTop","Climate"
"1655864425-120","https://sor.epa.gov/sor_internet/registry/termreg/searchandretrieve/glossariesandkeywordlists/search.do?details=&glossaryName=Glossary%20Climate%20Change%20Terms#formTop","Habitat Fragmentation"
"1655864425-154","https://sor.epa.gov/sor_internet/registry/termreg/searchandretrieve/glossariesandkeywordlists/search.do?details=&glossaryName=Glossary%20Climate%20Change%20Terms#formTop","Ozone Depleting Substance"
"1655864425-113","https://sor.epa.gov/sor_internet/registry/termreg/searchandretrieve/glossariesandkeywordlists/search.do?details=&glossaryName=Glossary%20Climate%20Change%20Terms#formTop","Geosphere"
"1655864425-65","https://sor.epa.gov/sor_internet/registry/termreg/searchandretrieve/glossariesandkeywordlists/search.do?details=&glossaryName=Glossary%20Climate%20Change%20Terms#formTop","Biomass"
"1655864425-95","https://sor.epa.gov/sor_internet/registry/termreg/searchandretrieve/glossariesandkeywordlists/search.do?details=&glossaryName=Glossary%20Climate%20Change%20Terms#formTop","Eccentricity"
"1655864425-129","https://sor.epa.gov/sor_internet/registry/termreg/searchandretrieve/glossariesandkeywordlists/search.do?details=&glossaryName=Glossary%20Climate%20Change%20Terms#formTop","Ice Core"
"1655864425-170","https://sor.epa.gov/sor_internet/registry/termreg/searchandretrieve/glossariesandkeywordlists/search.do?details=&glossaryName=Glossary%20Climate%20Change%20Terms#formTop","Reflectivity"
"1655864425-66","https://sor.epa.gov/sor_internet/registry/termreg/searchandretrieve/glossariesandkeywordlists/search.do?details=&glossaryName=Glossary%20Climate%20Change%20Terms#formTop","Biosphere"
"1655864425-105","https://sor.epa.gov/sor_internet/registry/termreg/searchandretrieve/glossariesandkeywordlists/search.do?details=&glossaryName=Glossary%20Climate%20Change%20Terms#formTop","Evapotranspiration"
"1655864425-102","https://sor.epa.gov/sor_internet/registry/termreg/searchandretrieve/glossariesandkeywordlists/search.do?details=&glossaryName=Glossary%20Climate%20Change%20Terms#formTop","Enhanced Greenhouse Effect"
"1655864425-167","https://sor.epa.gov/sor_internet/registry/termreg/searchandretrieve/glossariesandkeywordlists/search.do?details=&glossaryName=Glossary%20Climate%20Change%20Terms#formTop","Radiation"
"1655864425-96","https://sor.epa.gov/sor_internet/registry/termreg/searchandretrieve/glossariesandkeywordlists/search.do?details=&glossaryName=Glossary%20Climate%20Change%20Terms#formTop","Ecosystem"
"1655864425-205","https://sor.epa.gov/sor_internet/registry/termreg/searchandretrieve/glossariesandkeywordlists/search.do?details=&glossaryName=Glossary%20Climate%20Change%20Terms#formTop","Water Vapor"
"1655864425-124","https://sor.epa.gov/sor_internet/registry/termreg/searchandretrieve/glossariesandkeywordlists/search.do?details=&glossaryName=Glossary%20Climate%20Change%20Terms#formTop","Hydrocarbons"
"1655864425-56","https://sor.epa.gov/sor_internet/registry/termreg/searchandretrieve/glossariesandkeywordlists/search.do?details=&glossaryName=Glossary%20Climate%20Change%20Terms#formTop","Afforestation"
"1655864425-195","https://sor.epa.gov/sor_internet/registry/termreg/searchandretrieve/glossariesandkeywordlists/search.do?details=&glossaryName=Glossary%20Climate%20Change%20Terms#formTop","Thermohaline Circulation"
"1655864425-88","https://sor.epa.gov/sor_internet/registry/termreg/searchandretrieve/glossariesandkeywordlists/search.do?details=&glossaryName=Glossary%20Climate%20Change%20Terms#formTop","Conference of the Parties"
"1655864425-54","https://sor.epa.gov/sor_internet/registry/termreg/searchandretrieve/glossariesandkeywordlists/search.do?details=&glossaryName=Glossary%20Climate%20Change%20Terms#formTop","Adaptive Capacity"
"1655864425-111","https://sor.epa.gov/sor_internet/registry/termreg/searchandretrieve/glossariesandkeywordlists/search.do?details=&glossaryName=Glossary%20Climate%20Change%20Terms#formTop","Fuel Switching"
"1655864425-148","https://sor.epa.gov/sor_internet/registry/termreg/searchandretrieve/glossariesandkeywordlists/search.do?details=&glossaryName=Glossary%20Climate%20Change%20Terms#formTop","Nitrogen Oxides"
"1655864425-80","https://sor.epa.gov/sor_internet/registry/termreg/searchandretrieve/glossariesandkeywordlists/search.do?details=&glossaryName=Glossary%20Climate%20Change%20Terms#formTop","Climate Lag"
"1655864425-101","https://sor.epa.gov/sor_internet/registry/termreg/searchandretrieve/glossariesandkeywordlists/search.do?details=&glossaryName=Glossary%20Climate%20Change%20Terms#formTop","Energy Star"
"1655864425-143","https://sor.epa.gov/sor_internet/registry/termreg/searchandretrieve/glossariesandkeywordlists/search.do?details=&glossaryName=Glossary%20Climate%20Change%20Terms#formTop","Mount Pinatubo"
"1655864425-127","https://sor.epa.gov/sor_internet/registry/termreg/searchandretrieve/glossariesandkeywordlists/search.do?details=&glossaryName=Glossary%20Climate%20Change%20Terms#formTop","Hydrologic Cycle"
"1655864425-137","https://sor.epa.gov/sor_internet/registry/termreg/searchandretrieve/glossariesandkeywordlists/search.do?details=&glossaryName=Glossary%20Climate%20Change%20Terms#formTop","Least Developed Country"
"1655864425-166","https://sor.epa.gov/sor_internet/registry/termreg/searchandretrieve/glossariesandkeywordlists/search.do?details=&glossaryName=Glossary%20Climate%20Change%20Terms#formTop","Precession"
"1655864425-158","https://sor.epa.gov/sor_internet/registry/termreg/searchandretrieve/glossariesandkeywordlists/search.do?details=&glossaryName=Glossary%20Climate%20Change%20Terms#formTop","Parts Per Billion"
"1655864425-163","https://sor.epa.gov/sor_internet/registry/termreg/searchandretrieve/glossariesandkeywordlists/search.do?details=&glossaryName=Glossary%20Climate%20Change%20Terms#formTop","PFCs"
"1655864425-91","https://sor.epa.gov/sor_internet/registry/termreg/searchandretrieve/glossariesandkeywordlists/search.do?details=&glossaryName=Glossary%20Climate%20Change%20Terms#formTop","Deforestation"
"1655864425-184","https://sor.epa.gov/sor_internet/registry/termreg/searchandretrieve/glossariesandkeywordlists/search.do?details=&glossaryName=Glossary%20Climate%20Change%20Terms#formTop","Soil Carbon"
"1655864425-198","https://sor.epa.gov/sor_internet/registry/termreg/searchandretrieve/glossariesandkeywordlists/search.do?details=&glossaryName=Glossary%20Climate%20Change%20Terms#formTop","Tropospheric Ozone"
"1655864425-178","https://sor.epa.gov/sor_internet/registry/termreg/searchandretrieve/glossariesandkeywordlists/search.do?details=&glossaryName=Glossary%20Climate%20Change%20Terms#formTop","Scenarios"
"1655864425-147","https://sor.epa.gov/sor_internet/registry/termreg/searchandretrieve/glossariesandkeywordlists/search.do?details=&glossaryName=Glossary%20Climate%20Change%20Terms#formTop","Nitrogen Cycle"
"1655864425-149","https://sor.epa.gov/sor_internet/registry/termreg/searchandretrieve/glossariesandkeywordlists/search.do?details=&glossaryName=Glossary%20Climate%20Change%20Terms#formTop","Nitrous Oxide"
"1655864425-159","https://sor.epa.gov/sor_internet/registry/termreg/searchandretrieve/glossariesandkeywordlists/search.do?details=&glossaryName=Glossary%20Climate%20Change%20Terms#formTop","Parts Per Million by Volume"
"1655864425-90","https://sor.epa.gov/sor_internet/registry/termreg/searchandretrieve/glossariesandkeywordlists/search.do?details=&glossaryName=Glossary%20Climate%20Change%20Terms#formTop","Cryosphere"
"1655864425-152","https://sor.epa.gov/sor_internet/registry/termreg/searchandretrieve/glossariesandkeywordlists/search.do?details=&glossaryName=Glossary%20Climate%20Change%20Terms#formTop","Oxidize"
"1655864425-85","https://sor.epa.gov/sor_internet/registry/termreg/searchandretrieve/glossariesandkeywordlists/search.do?details=&glossaryName=Glossary%20Climate%20Change%20Terms#formTop","Coal Mine Methane"
"1655864425-118","https://sor.epa.gov/sor_internet/registry/termreg/searchandretrieve/glossariesandkeywordlists/search.do?details=&glossaryName=Glossary%20Climate%20Change%20Terms#formTop","Greenhouse Effect"
"1655864425-57","https://sor.epa.gov/sor_internet/registry/termreg/searchandretrieve/glossariesandkeywordlists/search.do?details=&glossaryName=Glossary%20Climate%20Change%20Terms#formTop","Albedo"
"1655864425-123","https://sor.epa.gov/sor_internet/registry/termreg/searchandretrieve/glossariesandkeywordlists/search.do?details=&glossaryName=Glossary%20Climate%20Change%20Terms#formTop","Heat Waves"
"1655864425-59","https://sor.epa.gov/sor_internet/registry/termreg/searchandretrieve/glossariesandkeywordlists/search.do?details=&glossaryName=Glossary%20Climate%20Change%20Terms#formTop","Annex I Countries/Parties"
"1655864425-202","https://sor.epa.gov/sor_internet/registry/termreg/searchandretrieve/glossariesandkeywordlists/search.do?details=&glossaryName=Glossary%20Climate%20Change%20Terms#formTop","United Nations Framework Convention on Climate Change"
"1655864425-194","https://sor.epa.gov/sor_internet/registry/termreg/searchandretrieve/glossariesandkeywordlists/search.do?details=&glossaryName=Glossary%20Climate%20Change%20Terms#formTop","Thermal Expansion"
"1655864425-139","https://sor.epa.gov/sor_internet/registry/termreg/searchandretrieve/glossariesandkeywordlists/search.do?details=&glossaryName=Glossary%20Climate%20Change%20Terms#formTop","Megacities"
"1655864425-130","https://sor.epa.gov/sor_internet/registry/termreg/searchandretrieve/glossariesandkeywordlists/search.do?details=&glossaryName=Glossary%20Climate%20Change%20Terms#formTop","Indirect Emissions"
"1655864425-142","https://sor.epa.gov/sor_internet/registry/termreg/searchandretrieve/glossariesandkeywordlists/search.do?details=&glossaryName=Glossary%20Climate%20Change%20Terms#formTop","Mitigation"
"1655864425-112","https://sor.epa.gov/sor_internet/registry/termreg/searchandretrieve/glossariesandkeywordlists/search.do?details=&glossaryName=Glossary%20Climate%20Change%20Terms#formTop","General Circulation Model"
"1655864425-157","https://sor.epa.gov/sor_internet/registry/termreg/searchandretrieve/glossariesandkeywordlists/search.do?details=&glossaryName=Glossary%20Climate%20Change%20Terms#formTop","Particulate matter"
"1655864425-140","https://sor.epa.gov/sor_internet/registry/termreg/searchandretrieve/glossariesandkeywordlists/search.do?details=&glossaryName=Glossary%20Climate%20Change%20Terms#formTop","Methane"
"1655864425-161","https://sor.epa.gov/sor_internet/registry/termreg/searchandretrieve/glossariesandkeywordlists/search.do?details=&glossaryName=Glossary%20Climate%20Change%20Terms#formTop","Perfluorocarbons"
"1655864425-72","https://sor.epa.gov/sor_internet/registry/termreg/searchandretrieve/glossariesandkeywordlists/search.do?details=&glossaryName=Glossary%20Climate%20Change%20Terms#formTop","Carbon Dioxide Equivalent"
"1655864425-116","https://sor.epa.gov/sor_internet/registry/termreg/searchandretrieve/glossariesandkeywordlists/search.do?details=&glossaryName=Glossary%20Climate%20Change%20Terms#formTop","Global Warming"
"1655864425-186","https://sor.epa.gov/sor_internet/registry/termreg/searchandretrieve/glossariesandkeywordlists/search.do?details=&glossaryName=Glossary%20Climate%20Change%20Terms#formTop","Storm Surge"
"1655864425-146","https://sor.epa.gov/sor_internet/registry/termreg/searchandretrieve/glossariesandkeywordlists/search.do?details=&glossaryName=Glossary%20Climate%20Change%20Terms#formTop","Natural Variability"
"1655864425-52","https://sor.epa.gov/sor_internet/registry/termreg/searchandretrieve/glossariesandkeywordlists/search.do?details=&glossaryName=Glossary%20Climate%20Change%20Terms#formTop","Abrupt Climate Change"
"1655864425-117","https://sor.epa.gov/sor_internet/registry/termreg/searchandretrieve/glossariesandkeywordlists/search.do?details=&glossaryName=Glossary%20Climate%20Change%20Terms#formTop","Global Warming Potential"
"1655864425-109","https://sor.epa.gov/sor_internet/registry/termreg/searchandretrieve/glossariesandkeywordlists/search.do?details=&glossaryName=Glossary%20Climate%20Change%20Terms#formTop","Forcing Mechanism"
"1655864425-191","https://sor.epa.gov/sor_internet/registry/termreg/searchandretrieve/glossariesandkeywordlists/search.do?details=&glossaryName=Glossary%20Climate%20Change%20Terms#formTop","Sulfate Aerosols"
"1655864425-104","https://sor.epa.gov/sor_internet/registry/termreg/searchandretrieve/glossariesandkeywordlists/search.do?details=&glossaryName=Glossary%20Climate%20Change%20Terms#formTop","Evaporation"
"1655864425-121","https://sor.epa.gov/sor_internet/registry/termreg/searchandretrieve/glossariesandkeywordlists/search.do?details=&glossaryName=Glossary%20Climate%20Change%20Terms#formTop","Halocarbons"
"1655864425-122","https://sor.epa.gov/sor_internet/registry/termreg/searchandretrieve/glossariesandkeywordlists/search.do?details=&glossaryName=Glossary%20Climate%20Change%20Terms#formTop","Heat Island"
"1655864425-175","https://sor.epa.gov/sor_internet/registry/termreg/searchandretrieve/glossariesandkeywordlists/search.do?details=&glossaryName=Glossary%20Climate%20Change%20Terms#formTop","Resilience"
"1655864425-79","https://sor.epa.gov/sor_internet/registry/termreg/searchandretrieve/glossariesandkeywordlists/search.do?details=&glossaryName=Glossary%20Climate%20Change%20Terms#formTop","Climate Feedback"
"1655864425-67","https://sor.epa.gov/sor_internet/registry/termreg/searchandretrieve/glossariesandkeywordlists/search.do?details=&glossaryName=Glossary%20Climate%20Change%20Terms#formTop","Black Carbon Aerosol"
"1655864425-165","https://sor.epa.gov/sor_internet/registry/termreg/searchandretrieve/glossariesandkeywordlists/search.do?details=&glossaryName=Glossary%20Climate%20Change%20Terms#formTop","Photosynthesis"
"1655864425-162","https://sor.epa.gov/sor_internet/registry/termreg/searchandretrieve/glossariesandkeywordlists/search.do?details=&glossaryName=Glossary%20Climate%20Change%20Terms#formTop","Permafrost"
"1655864425-151","https://sor.epa.gov/sor_internet/registry/termreg/searchandretrieve/glossariesandkeywordlists/search.do?details=&glossaryName=Glossary%20Climate%20Change%20Terms#formTop","Ocean Acidification"
"1655864425-86","https://sor.epa.gov/sor_internet/registry/termreg/searchandretrieve/glossariesandkeywordlists/search.do?details=&glossaryName=Glossary%20Climate%20Change%20Terms#formTop","Coalbed Methane"
"1655864425-190","https://sor.epa.gov/sor_internet/registry/termreg/searchandretrieve/glossariesandkeywordlists/search.do?details=&glossaryName=Glossary%20Climate%20Change%20Terms#formTop","Subsiding/Subsidence"
"1655864425-181","https://sor.epa.gov/sor_internet/registry/termreg/searchandretrieve/glossariesandkeywordlists/search.do?details=&glossaryName=Glossary%20Climate%20Change%20Terms#formTop","Short Ton"
"1655864425-69","https://sor.epa.gov/sor_internet/registry/termreg/searchandretrieve/glossariesandkeywordlists/search.do?details=&glossaryName=Glossary%20Climate%20Change%20Terms#formTop","Carbon Capture and Sequestration"
"1655864425-164","https://sor.epa.gov/sor_internet/registry/termreg/searchandretrieve/glossariesandkeywordlists/search.do?details=&glossaryName=Glossary%20Climate%20Change%20Terms#formTop","Phenology"
"1655864425-134","https://sor.epa.gov/sor_internet/registry/termreg/searchandretrieve/glossariesandkeywordlists/search.do?details=&glossaryName=Glossary%20Climate%20Change%20Terms#formTop","Inundation"
"1655864425-115","https://sor.epa.gov/sor_internet/registry/termreg/searchandretrieve/glossariesandkeywordlists/search.do?details=&glossaryName=Glossary%20Climate%20Change%20Terms#formTop","Global Average Temperature"
"1655864425-74","https://sor.epa.gov/sor_internet/registry/termreg/searchandretrieve/glossariesandkeywordlists/search.do?details=&glossaryName=Glossary%20Climate%20Change%20Terms#formTop","Carbon Footprint"
"1655864425-60","https://sor.epa.gov/sor_internet/registry/termreg/searchandretrieve/glossariesandkeywordlists/search.do?details=&glossaryName=Glossary%20Climate%20Change%20Terms#formTop","Anthropogenic"
"1655864425-171","https://sor.epa.gov/sor_internet/registry/termreg/searchandretrieve/glossariesandkeywordlists/search.do?details=&glossaryName=Glossary%20Climate%20Change%20Terms#formTop","Reforestation"
"1655864425-55","https://sor.epa.gov/sor_internet/registry/termreg/searchandretrieve/glossariesandkeywordlists/search.do?details=&glossaryName=Glossary%20Climate%20Change%20Terms#formTop","Aerosols"
